school_num_old,school_num,names,Updated_School_Name,lat,long,schoolsinpm,notes_school,lat_old,long_old,schoolsinpmcayambe,area_100m,area_100m_pc,area_200m,area_200m_pc,area_250m,area_250_pc,area_300m,area_300m_pc,area_350m,area_350m_pc,area_400m,area_400m_pc,area_450m,area_450m_pc,area_500m,area_500m_pc,area_550m,area_550m_pc,area_600m,area_600m_pc,area_650m,area_650m_pc,area_700m,area_700m_pc,area_750m,area_750m_pc,area_800m,area_800m_pc,area_850m,area_850m_pc,area_900m,area_900m_pc,area_950m,area_950m_pc,area_1km,area_1km_pc,area_1_5km,area_1_5km_pc,area_2km,area_2km_pc,dist_centroid_school,dist_contour_school
1,1,COLEGIO DE LA ESPERANZA,,,,,"La esperanza is a neighborhood in quito, and a city in Imbabura. I'm imagining someone was just referencinga  school in La Esperanza, without providing the name. I think we should keep this one blank.",10.44423,-75.52358,,,,,,,,,,,,,,,,,,,,,,,,,,,,,,,,,,,,,,,,,,,
2,2,EDMA GRACIELA ROMERO,,0.04659,-78.21839,1,,0.04659,-78.21839,1,0,0,0,0,0,0,0,0,0,0,0,0,0,0,0,0,0,0,1656.4928187,0.149137937,5980.9660226,0.4588234995,19075.067945,1.2617434803,49332.534237,2.8425751309,93507.288827,4.7355077955,136267.15487,6.1129997507,186103.78261,7.4468262764,233666.06976,8.3916910915,282589.32058,9.1591843636,1249891.7505,18.004909004,2971191.5891,24.075300629,599.3175191,549.87713391
3,3,NATALIA JARRIN,,0.04481,-78.14563,0,,0.04495,-78.14559,1,0,0,0,0,0,0,0,0,0,0,0,0,0,0,0,0,0,0,0,0,0,0,0,0,0,0,0,0,2127.6732569,0.0954603001,15515.648865,0.6209271489,40636.583086,1.4595725361,66054.388863,2.1412007105,708605.91329,10.208876968,1727700.2892,14.001163595,1287.5483394,807.49438016
4,4,ALFREDO BOADA,,0.04797,-78.22200,1,,0.04797,-78.222,1,0,0,5462.700063,2.8328629154,5462.700063,2.8328629154,15143.271338,5.4535011631,28985.937819,7.6691912696,46953.368343,9.5114184985,69787.377821,11.169924064,96160.73702,12.466833448,0,0,162793.69352,14.656606067,197652.67307,15.162622843,234007.48898,15.478613356,272747.57165,15.715808364,318225.89976,16.115875568,373992.25316,16.777341052,412635.69621,16.511257151,442233.3737,15.881908208,474162.39818,15.36828823,1067391.0824,15.375860427,2119919.6886,17.177414536,668.16961331,182.40812546
5,5,LEOPOLDO CHAVEZ,,0.04089,-78.25047,1,,0.04089,-78.25047,1,614.38992484,1.9912317457,2987.8457049,1.5493720639,2987.8457049,1.5493720639,7582.0121159,2.7303571691,10768.755889,2.8490946244,13747.36597,2.7846903339,17235.377353,2.7585007907,20448.519952,2.650936187,0,0,56899.061987,5.1224767218,81936.358844,6.2853190998,89561.115075,5.9238059044,92894.646772,5.3523631064,102305.45573,5.1807927025,118502.98025,5.3158022053,133445.76164,5.3394579104,155553.37913,5.5861118345,177340.64749,5.7475887274,262941.54589,3.7875126868,301075.55688,2.4394555854,99.044904465,80.995212827
6,6,U.E. TABACUNDO,,0.04648,-78.22010,1,,0.04648,-78.2201,1,0,0,0,0,0,0,0,0,0,0,0,0,21.101748043,0.0033774827,3465.990159,0.4493524142,0,0,40167.841438,3.616394334,71867.573448,5.5132286024,106195.43476,7.0244049254,147947.05118,8.5247877173,190876.31996,9.6665582577,235611.54973,10.569598791,285558.57856,11.42641495,335579.54363,12.051692505,379338.08714,12.294934657,1227576.8874,17.683407855,2564961.3781,20.783593083,649.72030127,440.35371485
7,7,ESCUELA ECUADOR,,0.05141,-78.22268,1,,0.05141,-78.22268,1,0,0,34723.176289,18.00682566,34723.176289,18.00682566,58131.818342,20.93483338,86240.737819,22.817826977,119785.33134,24.265072682,155844.35876,24.94387722,193839.74855,25.130473577,0,0,256833.9409,23.123192164,269650.37005,20.685792812,283265.76153,18.736818329,299896.19648,17.280102261,328396.29681,16.630915294,363101.14529,16.288746209,403480.20837,16.14489086,435256.66637,15.631335116,474387.31472,15.375560221,1029587.4081,14.83127792,1762496.586,14.281248451,537.67449582,110.06235531
8,8,DOMINGO SABIO,UNIDAD EDUCATIVA SALESIANA DOMINGO SAVIO,0.04552,-78.14498,0,Cayambe,0.05122,-78.14725,1,0,0,0,0,0,0,0,0,0,0,0,0,0,0,0,0,0,0,0,0,0,0,0,0,0,0,1.0436613491,0.0000528611,11209.471023,0.5029253121,36109.380382,1.4450778365,65601.257694,2.3562488959,97885.894986,3.1730455241,722874.41328,10.414454652,1804830.8927,14.6262414,1394.3470846,790.5573257
9,9,PACIFICO PROA?O,,0.04836,-78.21505,1,,0.04836,-78.21505,1,0,0,0,0,0,0,0,0,0,0,0,0,0,0,0,0,0,0,961.05810776,0.0865268028,6884.1538194,0.5281137091,17370.880876,1.1490243723,33219.447195,1.9141387032,58581.51303,2.9667717249,101443.66631,4.5508300362,135170.0635,5.4087762496,167868.85046,6.0287381902,200847.57858,6.5098371231,1748695.6111,25.190409761,3644297.1796,29.529583871,603.45623986,577.05345552
10,10,CARLOS FREIRE,,0.04591,-78.19811,1,,0.04591,-78.19811,1,0,0,22280.375429,11.554710277,22280.375429,11.554710277,48351.550377,17.413414585,80564.42523,21.31686373,133978.67458,27.141377142,199032.30066,31.857721803,277778.60603,36.014290715,0,0,459210.61249,41.345237792,550942.99643,42.266483385,666954.74165,44.118062171,796040.34888,45.869993196,928812.05639,47.039645734,1060201.6875,47.562729726,1183955.1086,47.37687009,1294851.0145,46.503830922,1401523.329,45.42725138,2935573.9414,42.288925225,4371736.7514,35.425024475,250.40215077,173.33771132
11,11,NELSON TORRES,UNIDAD EDUCATIVA NELSON TORRES ,0.05082,-78.14180,0,Cayambe,0.05082,-78.1418,1,0,0,0,0,0,0,0,0,0,0,0,0,0,0,0,0,0,0,11575.054925,1.0422675326,31255.188017,2.3980269974,52291.708124,3.459356878,74681.609657,4.3037769002,101124.78087,5.1219605501,134861.30301,6.0507349104,178243.98813,7.1332672218,226592.45791,8.1387342429,279073.67244,9.0464352776,1080926.9568,15.573006056,2246810.0459,18.20811522,1485.4711559,514.39848454
13,13,U.E. SORDOS IBARRA,"Unidad Educativa De Sordos ""Imbabura"" in ibarra",0.35538,-78.13112,0,Imbabura,0.35538,-78.13112,0,0,0,0,0,0,0,0,0,0,0,0,0,0,0,0,0,0,0,0,0,0,0,0,0,0,0,0,0,0,0,0,0,0,0,0,0,0,0,0,0,28375.784779,28165.650973
12,14,HERSEN,Unidad Educativa Heroes del Cenepa,0.03126,-78.15181,0,Cayambe,0.03126,-78.15181,1,0,0,0,0,0,0,0,0,463.62018102,0.1226809506,4948.6223342,1.0025715403,14009.762949,2.2426254663,26554.639015,3.4431141785,0,0,41770.458216,3.7611248799,57455.391861,4.4081370182,80071.990011,5.2970677825,104744.72007,6.0361584015,135221.86796,6.8488550107,172391.58667,7.7344461391,210427.62724,8.4210986444,248485.37419,8.9249259815,287160.63299,9.3084185037,685368.16432,9.8739839569,1242982.8862,10.072938493,622.16628118,327.48056567
14,14,HEROES DEL CENEPA,Unidad Educativa Heroes del Cenepa,0.03126,-78.15181,0,Cayambe,0.03141,-78.15181,1,0,0,0,0,0,0,0,0,463.62018102,0.1226809506,4948.6223342,1.0025715403,14009.762949,2.2426254663,26554.639015,3.4431141785,0,0,41770.458216,3.7611248799,57455.391861,4.4081370182,80071.990011,5.2970677825,104744.72007,6.0361584015,135221.86796,6.8488550107,172391.58667,7.7344461391,210427.62724,8.4210986444,248485.37419,8.9249259815,287160.63299,9.3084185037,685368.16432,9.8739839569,1242982.8862,10.072938493,622.16628118,327.48056567
15,15,SANTA CLARA DE ASIS,,0.04716,-78.22175,1,,0.04716,-78.22175,1,0,0,25.47808886,0.0132125155,25.47808886,0.0132125155,3062.928964,1.1030443994,10814.805401,2.8614177305,23033.412065,4.6659154911,39177.938332,6.2706869564,64758.442904,8.3956623267,0,0,133636.60995,12.031547578,168888.45927,12.95602644,210866.00779,13.947908064,257083.88628,14.813269157,303350.91126,15.362569618,341064.9462,15.300223882,383806.25293,15.357679959,425444.98776,15.278993718,462441.72302,14.988410257,1087065.5815,15.659280002,2231078.7758,18.078128674,610.20795473,243.40881399
16,16,COLEGIO SALESIANO,,0.04468,-78.14523,0,Unsure which school. Many school names with Colegio Salesiano. Closest one would be UNIDAD EDUCATIVA SALESIANA DOMINGO SAVIO in Cayambe,0.04899,-78.14563,1,0,0,0,0,0,0,0,0,0,0,0,0,0,0,0,0,0,0,0,0,0,0,0,0,0,0,0,0,31.354865661,0.0014067699,4699.8434079,0.1880850974,25152.976493,0.9034376743,51322.898477,1.6636700734,647686.62841,9.3312199651,1685910.1485,13.662508889,1309.2937011,845.05220749
17,17,SAN FRANCISCO DE QUITO,,-0.06377,-78.35578,0,Same school as school number 39,-0.1966,-78.43576,0,0,0,0,0,0,0,0,0,0,0,0,0,0,0,0,0,0,0,0,0,0,0,0,0,0,0,0,0,0,0,0,0,0,0,0,0,0,0,0,0,8174.540568,7495.0746824
18,18,U.E. MARIA ANGELICA HIDROBO,,0.35821,-78.11722,0,Imbabura,0.35821,-78.11722,0,0,0,0,0,0,0,0,0,0,0,0,0,0,0,0,0,0,0,0,0,0,0,0,0,0,0,0,0,0,0,0,0,0,0,0,0,0,0,0,0,28702.795632,28496.351264
19,19,ELOY ALFARO,,-0.21428,-78.50322,0,"Quito, https://www.infoescuelas.com/ecuador/pichincha/eloy-alfaro-en-quito/",0.41512,-78.21112,0,0,0,0,0,0,0,0,0,0,0,0,0,0,0,0,0,0,0,0,0,0,0,0,0,0,0,0,0,0,0,0,0,0,0,0,0,0,0,0,0,31380.893593,30845.466981
20,20,LUIS FREIRE,,0.03305,-78.18265,1,,0.03305,-78.18265,1,27554.993666,89.315794567,131051.47838,67.965666176,131051.47838,67.965666176,190013.08811,68.433488274,252453.93229,66.799610191,306283.04256,62.048423679,355586.69018,56.917808304,408136.41938,52.916734312,313.64560044,100,489525.64856,44.075844536,542036.83426,41.584337134,605584.19992,40.059556168,677302.31361,39.029032397,752722.37788,38.122604182,834329.56368,37.43066184,938030.0847,37.536990595,1063190.7117,38.18490363,1215916.7347,39.412278311,2466477.7263,35.532225335,3294164.8651,26.69396402,373.12574208,47.07829778
21,21,QUITO,,,,,,,,,,,,,,,,,,,,,,,,,,,,,,,,,,,,,,,,,,,,,,,,,,
22,22,COLEGIO TECNICO CAYAMBE,Colegio Nacional Tecnico Cayambe,0.01887,-78.16232,0,Cayambe,0.01887,-78.16232,1,1467.0064505,4.7552744636,54192.120665,28.105999938,54192.120665,28.105999938,96165.966831,34.635515489,153258.89099,40.553897123,218292.80313,44.224452714,290100.85697,46.437311859,366327.48889,47.497700951,0,0,556714.39496,50.127146659,658132.97633,50.49286414,762404.49423,50.435046204,857539.09263,49.416784442,949327.44421,48.081621937,1046457.0012,46.949027795,1148344.8823,45.954746912,1256735.6975,45.137737902,1376854.6879,44.6304382,1991596.5298,28.692071605,2576969.9268,20.882977062,332.29421785,80.361794825
23,23,JOVANY CALLES,Escuela de Educació Especializada Capitán Giovanni Calles,0.04976,-78.14334,0,Cayambe,-0.1115,-78.42647,1,0,0,0,0,0,0,0,0,0,0,0,0,0,0,456.6696971,0.0592133479,0,0,28861.220199,2.5987805826,53618.791879,4.1138432745,81080.901229,5.3638911955,115674.7854,6.6661277228,153383.74619,7.7688513525,195612.45306,8.7763939196,234790.90525,9.3962318387,277211.48819,9.9568384082,322863.04007,10.465880866,1053477.488,15.177498588,2326211.491,18.851532736,1497.4914772,480.2832345
24,24,COLEGIO DE BACHILLERATO TABACUNDO,,0.04646,-78.21995,1,,0.04646,-78.21995,1,0,0,0,0,0,0,0,0,0,0,0,0,0,0,1736.8052909,0.225170229,0,0,32205.011612,2.8994852415,63448.236746,4.8673511453,97319.047094,6.437269351,138911.10223,8.0041330903,183476.62118,9.291816291,226734.39921,10.171369782,278043.53602,11.12570841,327072.89521,11.746196311,369415.87814,11.973343879,1234822.5797,17.78778827,2595597.868,21.031842204,659.52045872,456.20562442
25,25,DON BOSCO SALESIANO,TECNICO SALESIANO DON BOSCO,-0.14291,-78.47932,0,Quito,-0.20844,-78.50337,0,0,0,0,0,0,0,0,0,0,0,0,0,0,0,0,0,0,0,0,0,0,0,0,0,0,0,0,0,0,0,0,0,0,0,0,0,0,0,0,0,23320.536303,23273.83154
26,26,LUIS ULPIANO,ESCUELA DE EDUCACION BASICA LUIS ULPIANO DE LA TORRE,0.25181,-78.26404,0,Imbabura,0.25181,-78.26404,0,0,0,0,0,0,0,0,0,0,0,0,0,0,0,0,0,0,0,0,0,0,0,0,0,0,0,0,0,0,0,0,0,0,0,0,0,0,0,0,0,19788.051862,19431.933943
27,27,MERCEDES CASTRO,,0.04130,-78.24939,1,,0.0413,-78.24939,1,0,0,3801.8915012,1.9715042357,3801.8915012,1.9715042357,7415.1901171,2.6702874855,9291.973299,2.4583859826,12856.336917,2.6042072628,17471.640106,2.7963196161,20008.577731,2.5939068778,0,0,42322.661729,3.8102079421,67407.92621,5.1708557985,91613.912819,6.0595943504,112556.8649,6.4852638304,125657.16302,6.3633443001,138834.48084,6.227843092,148701.5576,5.9498863508,160254.1157,5.7549316397,178443.4928,5.7833425103,258429.43869,3.7225252597,331853.0986,2.6888345826,180.46662793,146.13956827
28,28,COLEGIO OTAVALO,UNIDAD EDUCATIVA OTAVALO,0.22429,-78.27152,0,Imbabura,0.22429,-78.27152,0,0,0,0,0,0,0,0,0,0,0,0,0,0,0,0,0,0,0,0,0,0,0,0,0,0,0,0,0,0,0,0,0,0,0,0,0,0,0,0,0,17242.013207,16869.500448
29,29,NO ESTUDIA,,,,,,,,,,,,,,,,,,,,,,,,,,,,,,,,,,,,,,,,,,,,,,,,,,
30,30,CRESPO TORAL,EEB REMIGIO CRESPO TORAL,0.04325,-78.14486,0,Cayambe,0.04325,-78.14486,1,0,0,0,0,0,0,0,0,0,0,0,0,0,0,0,0,0,0,0,0,0,0,0,0,0,0,0,0,0,0,0,0,0,0,0,0,454539.25569,6.5485503554,1450103.0428,11.751550497,1238.4844541,998.75181958
31,31,JUAN MONTALVO,UNIDAD EDUCATIVA JUAN MONTALVO,0.18876,-78.20171,0,Imbabura,0.18876,-78.20171,0,0,0,0,0,0,0,0,0,0,0,0,0,0,0,0,0,0,0,0,0,0,0,0,0,0,0,0,0,0,0,0,0,0,0,0,0,0,0,0,0,11113.152708,10945.120984
32,32,U.E. MALCHINGUI,,0.04754,-78.34897,1,,0.04754,-78.34897,1,0,0,0,0,0,0,0,0,0,0,0,0,0,0,0,0,0,0,0,0,0,0,0,0,1881.1514328,0.1083696688,4862.5061308,0.246199244,7779.0337538,0.3488946496,10349.696435,0.414046476,11295.795701,0.4055796008,13111.319264,0.4248668799,26767.749761,0.3855101684,26767.749761,0.2168494744,805.23548167,701.47654451
33,33,PEDRO MONCAYO,,,,,,,,,,,,,,,,,,,,,,,,,,,,,,,,,,,,,,,,,,,,,,,,,,
34,34,10 DE AGOSTO (QUITO),,-0.22831,-78.51320,0,Quito,-0.22831,-78.5132,0,0,0,0,0,0,0,0,0,0,0,0,0,0,0,0,0,0,0,0,0,0,0,0,0,0,0,0,0,0,0,0,0,0,0,0,0,0,0,0,0,33284.865289,32723.926747
35,35,U.E.FICOA,,0.05697,-78.33935,1,,0.05697,-78.33935,1,0,0,0,0,0,0,0,0,0,0,0,0,0,0,0,0,0,0,1492.9659008,0.1343880567,2191.9171007,0.1681166505,2553.2508163,0.168853743,3876.383796,0.2233148111,4402.5261998,0.2229129327,4402.5261998,0.1974592138,4402.5261998,0.1761287372,4402.5261998,0.1580767675,4402.5261998,0.1426642848,17675.457792,0.2545666265,17675.457792,0.1431937258,527.90355089,509.49347591
36,36,CARDENAL DE LA TORRE,CARDENAL CARLOS MARÍA DE LA TORRE,-0.10029,-78.29962,0,Quito,-0.10029,-78.29962,0,0,0,0,0,0,0,0,0,0,0,0,0,0,0,0,0,0,0,0,0,0,0,0,0,0,0,0,0,0,0,0,0,0,0,0,0,0,0,0,0,8240.0250261,8190.7403732
37,37,U.E. PEDRO MONCAYO,,0.05058,-78.34928,1,,0.05058,-78.34928,1,0,0,0,0,0,0,0,0,0,0,0,0,0,0,0,0,0,0,0,0,0,0,0,0,0,0,0,0,0,0,1361.899349,0.0544836573,4134.4506681,0.1484488603,8005.1989239,0.2594050268,17675.457792,0.2545625068,26767.749761,0.2168493656,968.19371763,866.86281662
38,38,NACIONAL TECNICO PUELLARO,,0.06190,-78.40642,0,Quito,0.0619,-78.40642,0,0,0,0,0,0,0,0,0,0,0,0,0,0,0,0,0,0,0,0,0,0,0,0,0,0,0,0,0,0,0,0,0,0,0,0,0,0,0,0,0,6644.7874616,6540.3303365
39,39,SAN FRANCISCO DE QUITO/ GUALLABAMBA,"Unidad Educativa Municipal "" San Francisco De Quito """,-0.06377,-78.35578,0,Guallabamba is in Quito,-0.06377,-78.35578,0,0,0,0,0,0,0,0,0,0,0,0,0,0,0,0,0,0,0,0,0,0,0,0,0,0,0,0,0,0,0,0,0,0,0,0,0,0,0,0,0,8174.540568,7495.0746824
40,40,MIGUEL DE ASTURIAS(ENCALDERON),MIGUEL ANGEL ASTURIAS de CALDERON,-0.10705,-78.42781,0,Encalderon is in Quito,-0.10705,-78.42781,0,0,0,0,0,0,0,0,0,0,0,0,0,0,0,0,0,0,0,0,0,0,0,0,0,0,0,0,0,0,0,0,0,0,0,0,0,0,0,0,0,16912.100781,16796.401313
41,41,U.E.PEDRO MONCAYO,,0.05058,-78.34928,1,,0.05058,-78.34928,1,0,0,0,0,0,0,0,0,0,0,0,0,0,0,0,0,0,0,0,0,0,0,0,0,0,0,0,0,0,0,1361.899349,0.0544836573,4134.4506681,0.1484488603,8005.1989239,0.2594050268,17675.457792,0.2545625068,26767.749761,0.2168493656,968.19371763,866.86281662
42,42,SEGUNDO TORRES(CAYAMABE),,0.03927,-78.14776,0,Cayambe,0.03927,-78.14776,1,0,0,0,0,0,0,0,0,0,0,0,0,0,0,0,0,0,0,702.93469104,0.06329459,11962.796232,0.9178254099,30431.124231,2.0131494056,49018.212027,2.824808702,62678.847198,3.1746446676,74873.631607,3.3592718252,79401.290662,3.1775809456,80721.80428,2.899330605,80721.80428,2.6166457596,158919.09932,2.2895370198,1179459.9405,9.5582262735,732.9605007,572.17556606
43,43,LUIS PASTEUR,,-0.04955,-78.34621,0,Quito,-0.04955,-78.34621,0,0,0,0,0,0,0,0,0,0,0,0,0,0,0,0,0,0,0,0,0,0,0,0,0,0,0,0,0,0,0,0,0,0,0,0,0,0,0,0,0,6396.8943783,5702.4979055
44,44,NACIONAL GUALLABAMBA,,-0.06584,-78.35826,0,Guallabamba is in Quito,-0.06584,-78.35826,0,0,0,0,0,0,0,0,0,0,0,0,0,0,0,0,0,0,0,0,0,0,0,0,0,0,0,0,0,0,0,0,0,0,0,0,0,0,0,0,0,8533.1891136,7853.8881111
45,45,REPUBLICA DEL ECUADOR(COTACACHI),,,,,,,,,,,,,,,,,,,,,,,,,,,,,,,,,,,,,,,,,,,,,,,,,,
46,46,PATATE,,,,,,,,,,,,,,,,,,,,,,,,,,,,,,,,,,,,,,,,,,,,,,,,,,
47,47,MANUEL VILLAVICENCIO,,0.04294,-78.29205,0,,-0.35165,-78.01959,1,0,0,0,0,0,0,0,0,0,0,0,0,0,0,0,0,0,0,0,0,1092.360763,0.0837889005,7262.6571869,0.4803376145,13111.445037,0.7553968713,17555.730931,0.888967925,23517.302735,1.0548648816,29186.778874,1.1677457929,38190.645692,1.3713772641,50049.616563,1.6219889877,60757.434147,0.8751128444,82942.265603,0.6719903885,663.26143028,615.34634992
48,48,EN ATUNTAQUI,,,,,,,,,,,,,,,,,,,,,,,,,,,,,,,,,,,,,,,,,,,,,,,,,,
49,49,U.E. GUALLABAMBA,,-0.06476,-78.35830,0,Guallabamba is in Quito,-0.06476,-78.3583,0,0,0,0,0,0,0,0,0,0,0,0,0,0,0,0,0,0,0,0,0,0,0,0,0,0,0,0,0,0,0,0,0,0,0,0,0,0,0,0,0,8464.1138252,7783.0985439
50,50,U.E. LUIS PASTEUR,,-0.04955,-78.34621,0,Same school as school number 43,-0.04955,-78.34621,0,0,0,0,0,0,0,0,0,0,0,0,0,0,0,0,0,0,0,0,0,0,0,0,0,0,0,0,0,0,0,0,0,0,0,0,0,0,0,0,0,6396.8943783,5702.4979055
51,51,COLEGIO NACIONAL MALCHINGUI,,0.04714,-78.34909,1,,0.04714,-78.34909,1,0,0,0,0,0,0,0,0,0,0,0,0,0,0,0,0,0,0,0,0,0,0,0,0,1506.904593,0.0868099802,4478.484048,0.2267552991,7463.8981852,0.3347605442,10013.455777,0.4005948439,11450.340014,0.4111285053,13130.870907,0.4255003612,26767.749761,0.3855101001,26767.749761,0.2168494341,809.74344434,706.1904994
52,52,U.E. MISION ANDINA,,0.09519,-78.19067,1,,0.09519,-78.19067,1,0,0,0,0,0,0,0,0,0,0,0,0,0,0,0,0,0,0,0,0,0,0,0,0,0,0,0,0,977.44018981,0.0438504488,4122.8156548,0.1649797362,6860.5509708,0.246395909,7104.1343064,0.230267606,113177.60144,1.6304206675,417676.68436,3.3845579281,881.30879104,808.7025199
53,53,SEGUNDO TORRES,"COLEGIO TECNICO PCEI ""SEGUNDO TORRES""",0.03993,-78.14782,0,"Cayambe, previous one was in Quito",-0.21787,-78.50566,1,0,0,0,0,0,0,0,0,0,0,0,0,0,0,0,0,0,0,0,0,3056.8608342,0.2345324599,18653.353527,1.2339991991,37026.4345,2.1337494899,53231.008453,2.6961172548,67192.386382,3.0146454975,78883.241217,3.1568487181,80721.80428,2.8993303863,80721.80428,2.6166456192,219351.03596,3.1601755932,1248029.7876,10.113908226,760.2343546,603.37910473
54,54,NI?O MANUEL,,0.08697,-78.20466,1,,0.08697,-78.20466,1,0,0,4219.7359863,2.1883493276,4219.7359863,2.1883493276,11138.362998,4.011346164,21801.021052,5.7683559629,35144.159207,7.1194161945,49424.313181,7.9109185703,63946.289416,8.2906100525,0,0,88165.720558,7.9379528413,111630.21027,8.5637959287,143490.17265,9.4915543831,182024.56142,10.48862862,221587.00822,11.222136933,254558.79904,11.419879262,270106.13729,10.808381928,287037.65802,10.308676971,304358.33991,9.864985581,690354.83803,9.9449157353,1070219.1704,8.6720943822,498.53496708,198.09662793
55,55,MARIA DE LAS MERCEDES SUAREZ,,0.10119,-78.19068,1,,0.10119,-78.19068,1,0,0,0,0,0,0,0,0,0,0,0,0,0,0,0,0,0,0,0,0,0,0,0,0,0,0,0,0,0,0,0,0,0,0,0,0,6234.6846819,0.0898159934,51147.284693,0.4144615942,1436.5241769,1366.3498793
56,56,COLEGIO IMBAYA,COLEGIO DE BACHILLERATO IMBAYA,0.23203,-78.25883,0,Imbabura,0.23203,-78.25883,0,0,0,0,0,0,0,0,0,0,0,0,0,0,0,0,0,0,0,0,0,0,0,0,0,0,0,0,0,0,0,0,0,0,0,0,0,0,0,0,0,17531.659097,17170.492337
57,57,MARIA AUXILIADORA,,-0.28830,-78.56724,0,Quito,-0.2883,-78.56724,0,0,0,0,0,0,0,0,0,0,0,0,0,0,0,0,0,0,0,0,0,0,0,0,0,0,0,0,0,0,0,0,0,0,0,0,0,0,0,0,0,42121.334416,41671.190943
58,58,PEDRO MALDONADO,COLEGIO TÉCNICO INTERCULTURAL BILINGUE JOSE PEDRO MALDONADO DUQUE,0.19234,-78.22086,0,Imbabura,0.3472,-78.13052,0,0,0,0,0,0,0,0,0,0,0,0,0,0,0,0,0,0,0,0,0,0,0,0,0,0,0,0,0,0,0,0,0,0,0,0,0,0,0,0,0,12050.862286,11861.13452
59,59,ALFREDO PEREZ GUERRERO,UNIDAD EDUCATIVA ALFREDO PEREZ GUERRERO,0.19970,-78.19428,0,Imbabura,0.17135,-78.41088,0,0,0,0,0,0,0,0,0,0,0,0,0,0,0,0,0,0,0,0,0,0,0,0,0,0,0,0,0,0,0,0,0,0,0,0,0,0,0,0,0,12028.349687,11857.220207
60,60,GABRIELA MISTRAL,CEI GABRIELA MISTRAL,0.05168,-78.22086,0,Pedro moncayo,0.23318,-78.26698,1,0,0,0,0,0,0,0,0,3880.4765985,1.0267110719,21490.308606,4.3533334524,48633.925085,7.7841919191,79850.889862,10.352350195,0,0,149176.28812,13.430633772,186771.01665,14.327881519,224053.46068,14.820225283,259297.29563,14.940828489,294324.74873,14.905482072,323532.76046,14.513750054,366033.37158,14.646534839,417098.98824,14.97928781,480779.0313,15.582773408,1170601.5323,16.862648358,2231900.949,18.084818258,518.21464559,314.49291797
61,61,ALINA CAMPA?A,ESCUELA ALINA CAMPAÑA DE JARRÍN,0.03833,-78.14240,0,,0.0427,-78.14592,1,0,0,0,0,0,0,0,0,0,0,0,0,0,0,0,0,0,0,0,0,0,0,0,0,0,0,0,0,0,0,0,0,0,0,0,0,104119.27745,1.5000536606,738171.93024,5.9821281373,1280.1260252,1091.1672595
62,62,MUNICIPAL CAYAMBE,,0.04284,-78.14582,0,,0.04284,-78.14582,1,0,0,0,0,0,0,0,0,0,0,0,0,0,0,0,0,0,0,0,0,0,0,0,0,0,0,0,0,0,0,0,0,0,0,1120.4731427,0.0363209339,473099.80248,6.815940846,1450837.6031,11.757483632,1126.0515798,977.99476173
63,63,REBECA JARRIN,EEB REBECA JARRIN,0.04576,-78.13896,0,Cayambe,0.04576,-78.13896,1,0,0,0,0,0,0,0,0,0,0,0,0,0,0,0,0,0,0,0,0,0,0,0,0,0,0,0,0,0,0,0,0,874.40786301,0.0314070855,7988.1341326,0.2589441694,375354.28539,5.4077879715,1289055.9193,10.446542232,1142.6060991,922.95655393
64,64,SANTA ROSA,SANTA ROSA DE AYORA CIBV en CAYAMBE/Centro Educacion Inicial Santa,0.08196,-78.12398,,,,,1,0,0,0,0,0,0,13.818776745,0.0049773665,2851.1948981,0.7545065668,12404.183742,2.5131621601,27802.220986,4.450683515,43859.901901,5.6872184451,0,0,87479.362877,7.877263133,117810.22767,9.0391689128,145364.11239,9.6168618517,156221.94122,9.0030932845,157049.57016,7.9547957787,157049.70681,7.0464689884,160024.99793,6.4043500661,167270.04843,6.0081839281,177459.70651,5.7527039338,542373.99956,7.8142730986,695547.46332,5.6368831674,494.46892893,295.7735366
65,65,U.E. MARIETA DE VEINTIMILLA,CECIB EB MARIETA DE VEINTIMILLA,0.13808,-78.18775,0,Pedro Moncayo,0.13808,-78.18775,1,0,0,0,0,0,0,0,0,0,0,0,0,0,0,0,0,0,0,0,0,0,0,0,0,0,0,0,0,0,0,0,0,0,0,0,0,0,0,0,0,5329.3960498,5149.5075213
66,66,UNIVERSIDAD TECNICA DE IBARRA,UNIVERSIDAD TÉCNICA DEL NORTE in Ibarra,0.35853,-78.11152,0,Imbabura,0.35853,-78.11152,0,0,0,0,0,0,0,0,0,0,0,0,0,0,0,0,0,0,0,0,0,0,0,0,0,0,0,0,0,0,0,0,0,0,0,0,0,0,0,0,0,28767.979395,28558.810965
67,67,13 DE ABRIL,ESCUELA DE EDUCACION BÁSICA 13 DE ABRIL,0.03555,-78.31414,0,"Searched COMUNIDAD COCHASQUI, PICHINCHA , PEDRO MONCAYO, 170453 on google maps using info from https://www.infoescuelas.com/ecuador/pichincha/escuela-de-educacion-basica-13-de-abril-en-pedro-moncayo/",-0.2427,-78.50309,1,0,0,0,0,0,0,0,0,0,0,0,0,2372.5606987,0.3796850875,3925.9226767,0.5089007549,0,0,3925.9226767,0.353403209,3925.9226767,0.3011246615,3925.9226767,0.2596431958,3925.9226767,0.2261780586,4047.4701597,0.2049438916,7815.3374686,0.3505428591,10688.908357,0.4276412602,13339.580784,0.4789897799,16164.069219,0.5238198857,16187.882157,0.2331518098,22498.022892,0.1822701877,440.34651068,405.91918843
68,68,ISAC BARRERA,UNIDAD EDUCATIVA ISAAC JESUS BARRERA ,0.22280,-78.26498,0,Imbabura,0.2228,-78.26498,0,0,0,0,0,0,0,0,0,0,0,0,0,0,0,0,0,0,0,0,0,0,0,0,0,0,0,0,0,0,0,0,0,0,0,0,0,0,0,0,0,16807.742937,16439.182503
69,69,10 DE AGOSTO (OTAVALO),,0.23074,-78.26417,0,Otavalo is in Imbabura,0.23074,-78.26417,0,0,0,0,0,0,0,0,0,0,0,0,0,0,0,0,0,0,0,0,0,0,0,0,0,0,0,0,0,0,0,0,0,0,0,0,0,0,0,0,0,17595.032632,17229.281749
