"","c_masc2_tot_t","c_cdi2_tot_t"
"c_dist_house_plant",0.737240221994533,-0.449269777798028
"c_dist_house_plant_log",0.21527003358962,-0.528217283669221
"c_ha_50m",-0.689403267368182,0.267507306101718
"c_ha_100m",-0.145818933524024,0.965636292778576
"c_ha_150m",-0.176071975209807,-0.452298281164101
"c_ha_200m",-0.358654554010389,-0.374871811047323
"c_ha_300m",-0.6381845143685,-0.293374169497656
"c_ha_500m",-0.872079181726954,-0.883316238907846
"c_ha_1000m",0.116448428797869,0.108244729587269
"c_ha_50m_log",-0.278423875633206,0.774860789060149
"c_ha_100m_log",-0.115888713993865,-0.433972302932053
"c_ha_150m_log",-0.188117948817005,-0.236986825435248
"c_ha_200m_log",-0.17251376237634,-0.259671420670628
"c_ha_300m_log",-0.397986865207083,-0.343930598850585
"c_ha_500m_log",0.661923894334663,0.191311344372002
"c_ha_1000m_log",-0.947606321593624,0.0473055149106635
"c_ha_50m_scaled",-0.689403267368182,0.267507306101718
"c_ha_100m_scaled",-0.192084307381329,0.797144470388401
"c_ha_150m_scaled",-0.180467379137487,-0.63295293617906
"c_ha_200m_scaled",-0.299153864753734,-0.482411413965724
"c_ha_300m_scaled",-0.51032602401156,-0.348759935301355
"c_ha_500m_scaled",-0.727168002376239,-0.730700406936742
"c_ha_1000m_scaled",0.286936816942377,0.269885836329082
"c_ha_50m_scaled_log",-0.278423875633206,0.774860789060149
"c_ha_100m_scaled_log",-0.119826190170812,-0.450550758371896
"c_ha_150m_scaled_log",-0.183063895921309,-0.252311414483801
"c_ha_200m_scaled_log",-0.16155092859498,-0.268398163610882
"c_ha_300m_scaled_log",-0.365406467374257,-0.36103067235583
"c_ha_500m_scaled_log",0.68510305692755,0.201295788741911
"c_ha_1000m_scaled_log",-0.813315484650513,0.062634988852233
