"","total_n","total_value","1q_n","1q_value","2q_n","2q_value","3q_n","3q_value","4q_n","4q_value","p-values"
"aac","523","9.55 (3.42)","131","9.81 (3.17)","130","9.32 (3.66)","131","9.41 (3.50)","131","9.66 (3.35)","0.265"
"rsc","523","9.72 (2.82)","131","10.11 (2.70)","130","9.52 (2.77)","131","9.62 (3.01)","131","9.62 (2.77)","0.079"
"iic","523","6.76 (3.20)","131","6.40 (2.86)","130","6.32 (3.23)","131","7.29 (3.28)","131","7.05 (3.33)","0.086"
"inc","523","6.48 (2.97)","131","6.33 (2.92)","130","6.18 (3.12)","131","6.93 (2.99)","131","6.47 (2.83)","0.824"
"isc","523","7.46 (3.18)","131","7.15 (2.65)","130","7.35 (3.24)","131","7.47 (3.14)","131","7.89 (3.59)","0.818"
"cits","523","6.34 (2.55)","131","6.53 (2.64)","130","6.19 (2.74)","131","6.32 (2.53)","131","6.32 (2.28)","0.504"
"snc","523","7.74 (2.87)","131","7.92 (3.03)","130","7.45 (3.01)","131","8.30 (2.87)","131","7.31 (2.44)","0.109"
"mffts","523","8.14 (2.68)","131","7.97 (2.61)","130","8.22 (3.11)","131","8.12 (2.33)","131","8.24 (2.64)","0.397"
"mffdts","523","8.43 (2.79)","131","8.37 (2.82)","130","8.80 (2.79)","131","8.10 (2.71)","131","8.46 (2.84)","0.740"
"dcgts","523","9.55 (3.57)","131","9.79 (3.30)","130","9.42 (3.74)","131","9.27 (3.80)","131","9.70 (3.44)","0.331"
"gpts","523","7.84 (2.44)","131","7.82 (2.58)","130","7.66 (2.36)","131","7.76 (2.51)","131","8.11 (2.30)","0.240"
"auditory_attention_response_set","523","9.63 (2.50)","131","9.96 (2.31)","130","9.42 (2.57)","131","9.52 (2.55)","131","9.64 (2.54)","0.079"
"inhibition","523","7.11 (2.69)","131","6.77 (2.30)","130","6.84 (2.84)","131","7.38 (2.54)","131","7.47 (3.00)","0.249"
"attention_inhibitory_control","523","8.37 (2.15)","131","8.37 (1.87)","130","8.13 (2.26)","131","8.45 (2.14)","131","8.55 (2.31)","0.767"
"language","523","7.04 (2.04)","131","7.23 (2.03)","130","6.82 (2.25)","131","7.31 (2.02)","131","6.81 (1.80)","0.122"
"memory_and_learning","523","8.28 (2.28)","131","8.17 (2.29)","130","8.51 (2.50)","131","8.11 (2.16)","131","8.35 (2.17)","0.484"
"visuospatial_processing","523","8.69 (2.27)","131","8.81 (2.23)","130","8.54 (2.33)","131","8.52 (2.36)","131","8.91 (2.15)","0.894"
"age","523","14.45 (1.76)","131","14.18 (1.84)","130","14.54 (1.74)","131","14.52 (1.81)","131","14.57 (1.65)","0.098"
"race","523","114 (21.80)","131","13 (9.92)","130","32 (24.62)","131","26 (19.85)","131","43 (32.82)","0.000"
"gender","523","268 (51.24)","131","76 (58.02)","130","66 (50.77)","131","68 (51.91)","131","58 (44.27)","0.024"
"days_after_mdh","523","102.10 (18.54)","131","101.79 (17.93)","130","97.65 (15.22)","131","103.34 (22.09)","131","105.60 (17.53)","0.082"
"zha","523","-1.49 (0.90)","131","-1.41 (0.91)","130","-1.46 (0.87)","131","-1.49 (0.82)","131","-1.59 (1.00)","0.173"
"i_g4salary_scaled","523","4.31 (0.88)","131","4.27 (0.92)","130","4.38 (0.85)","131","4.43 (0.90)","131","4.17 (0.83)","0.703"
"i_d9educatpar","523","8.09 (3.46)","131","8.11 (3.48)","130","8.02 (3.54)","131","8.60 (3.75)","131","7.63 (3.00)","0.921"
"currentnoflorag","523","352 (67.30)","131","77 (58.78)","130","91 (70.00)","131","93 (70.99)","131","91 (69.47)","0.200"
