"","total_n","1q_value","2q_value","3q_value","4q_value","p-values"
"aac_a","226","7.34 (3.44)","8.48 (3.78)","8.34 (3.01)","8.72 (3.45)","0.028"
"aac_b","320","7.99 (4.14)","8.58 (3.68)","8.65 (3.87)","8.59 (3.40)","0.780"
"aac_c","523","9.81 (3.17)","9.32 (3.66)","9.41 (3.50)","9.66 (3.35)","0.265"
"rsc_a","118","8.47 (3.46)","8.79 (3.51)","8.82 (2.84)","8.74 (2.90)","0.307"
"rsc_b","320","9.11 (3.04)","9.80 (3.20)","9.46 (2.85)","9.26 (2.99)","0.593"
"rsc_c","523","10.11 (2.70)","9.52 (2.77)","9.62 (3.01)","9.62 (2.77)","0.079"
"iic_a","220","6.45 (3.57)","7.43 (2.79)","7.05 (3.05)","7.19 (2.93)","0.013"
"iic_b","318","5.82 (3.04)","6.65 (3.44)","6.64 (3.09)","7.11 (3.19)","0.044"
"iic_c","523","6.40 (2.86)","6.32 (3.23)","7.29 (3.28)","7.05 (3.33)","0.086"
"inc_a","228","6.89 (3.49)","7.19 (3.85)","7.25 (3.68)","6.78 (3.74)","0.973"
"inc_b","318","5.91 (2.79)","6.27 (2.91)","6.29 (3.07)","6.54 (2.27)","0.274"
"inc_c","523","6.33 (2.92)","6.18 (3.12)","6.93 (2.99)","6.47 (2.83)","0.824"
"isc_a","93","6.86 (2.21)","6.00 (2.00)","7.74 (3.15)","7.50 (2.43)","0.185"
"isc_b","318","6.78 (2.78)","7.54 (2.69)","7.51 (2.88)","8.28 (2.42)","0.020"
"isc_c","523","7.15 (2.65)","7.35 (3.24)","7.47 (3.14)","7.89 (3.59)","0.818"
"cits_a","289","6.92 (3.37)","7.22 (2.63)","6.93 (2.55)","8.21 (2.95)","0.003"
"cits_b",NA,NA,NA,NA,NA,NA
"cits_c","523","6.53 (2.64)","6.19 (2.74)","6.32 (2.53)","6.32 (2.28)","0.504"
"snc_a","229","5.93 (3.16)","5.88 (2.77)","5.46 (3.01)","6.70 (3.22)","0.943"
"snc_b",NA,NA,NA,NA,NA,NA
"snc_c","523","7.92 (3.03)","7.45 (3.01)","8.30 (2.87)","7.31 (2.44)","0.109"
"mffts_a","235","7.63 (3.27)","7.47 (2.64)","7.18 (2.95)","7.71 (2.38)","0.517"
"mffts_b",NA,NA,NA,NA,NA,NA
"mffts_c","523","7.97 (2.61)","8.22 (3.11)","8.12 (2.33)","8.24 (2.64)","0.397"
"mffdts_a","233","8.56 (2.67)","8.76 (3.31)","8.90 (2.86)","8.33 (2.82)","0.928"
"mffdts_b",NA,NA,NA,NA,NA,NA
"mffdts_c","523","8.37 (2.82)","8.80 (2.79)","8.10 (2.71)","8.46 (2.84)","0.740"
"dcgts_a","280","9.96 (4.84)","10.76 (4.79)","11.80 (4.77)","10.03 (4.90)","0.541"
"dcgts_b",NA,NA,NA,NA,NA,NA
"dcgts_c","523","9.79 (3.30)","9.42 (3.74)","9.27 (3.80)","9.70 (3.44)","0.331"
"gpts_a","289","8.88 (4.00)","8.73 (2.84)","8.37 (3.09)","8.22 (2.95)","0.282"
"gpts_b",NA,NA,NA,NA,NA,NA
"gpts_c","523","7.82 (2.58)","7.66 (2.36)","7.76 (2.51)","8.11 (2.30)","0.240"
