"","2","3","4","5","6","7","8","9","10","11","12"
"aac",7.01590271281572,11.9738072965388,15.8091674462114,22.1702525724977,24.8830682881197,29.3732460243218,38.5406922357343,45.6501403180543,54.6304957904584,57.3433115060804,97.1936389148737
"rsc",2.28928199791883,3.32986472424558,4.99479708636837,10.0936524453694,15.9209157127992,22.1644120707596,33.7148803329865,48.4911550468262,62.955254942768,72.9448491155047,84.8074921956295
"iic",7.06880301602262,16.4938737040528,28.2752120640905,37.6060320452403,50.7068803016023,59.8491988689915,72.1017907634307,80.2073515551367,86.7106503298775,91.0461828463714,95.004712535344
"inc",7.8578110383536,18.4284377923293,31.711880261927,40.1309635173059,51.6370439663237,62.488306828812,68.4752104770814,80.355472404116,91.6744621141253,95.1356407857811,97.0065481758653
"isc",3.21199143468951,7.92291220556745,14.7751605995717,25.6959314775161,38.7580299785867,54.9250535331906,68.4154175588865,77.3019271948608,85.4389721627409,91.1134903640257,94.1113490364026
"cits",8.12807881773399,12.192118226601,19.3349753694581,31.4039408866995,44.7044334975369,63.6699507389163,76.3546798029557,86.6995073891626,91.7487684729064,95.6896551724138,98.0295566502463
"snc",5.98404255319149,10.6382978723404,19.281914893617,30.3191489361702,39.7606382978723,55.186170212766,67.5531914893617,80.4521276595745,86.1702127659574,91.6223404255319,95.7446808510638
"mffts",2.9023746701847,6.46437994722955,14.1160949868074,17.5461741424802,28.4960422163588,39.3139841688654,55.9366754617414,72.8232189973615,80.4749340369393,91.1609498680739,97.4934036939314
"mffdts",1.71957671957672,3.43915343915344,7.27513227513228,14.9470899470899,23.6772486772487,36.5079365079365,53.042328042328,66.6666666666667,71.031746031746,83.2010582010582,91.7989417989418
"dcgts",4.10958904109589,5.60398505603985,9.71357409713574,13.947696139477,21.1706102117061,26.6500622665006,36.3636363636364,46.3262764632628,55.6662515566625,64.7571606475716,72.3536737235367
"gpts",3.20197044334975,4.67980295566502,7.63546798029557,14.4088669950739,24.7536945812808,39.4088669950739,58.128078817734,67.2413793103448,82.0197044334975,89.2857142857143,93.9655172413793
"auditory_attention_response_set",1.12254443405051,2.99345182413471,5.79981290926099,10.0093545369504,15.7156220767072,24.3217960710945,33.3956969130028,44.8082319925164,58.7464920486436,78.2974742750234,89.710009354537
"inhibition",2.82752120640905,6.59754948162111,14.6088595664467,26.861451460886,40.2450518378888,54.7596606974552,68.6145146088596,79.9245994344958,87.3704052780396,92.6484448633365,96.5127238454288
"attention_inhibitory_control",0.65359477124183,1.49393090569561,4.48179271708683,9.05695611577964,18.9542483660131,31.1858076563959,46.7787114845938,66.3865546218487,83.0065359477124,92.156862745098,97.5723622782446
"language",1.97044334975369,4.80295566502463,11.4532019704434,21.9211822660099,37.3152709359606,56.4039408866995,75.3694581280788,87.0689655172414,93.8423645320197,97.6600985221675,99.0147783251231
"memory_and_learning",0.131926121372032,1.71503957783641,4.08970976253298,9.23482849604222,19.3931398416887,33.509234828496,49.868073878628,68.7335092348285,80.8707124010554,88.9182058047493,96.8337730870712
"visuospatial_processing",0.615006150061501,1.5990159901599,3.9360393603936,7.25707257072571,13.4071340713407,23.7392373923739,36.4083640836408,52.3985239852399,69.0036900369004,79.9507995079951,89.7908979089791
