"","V1","V2","V3"
"",NA,NA,NA
"age","6.6 (1.6)","14.2 (1.8)","14.5 (1.8)"
"race_yes","65 (22.4)","77 (24.1)","114 (21.8)"
"race_no","225 (77.6)","243 (75.9)","409 (78.2)"
"gender_yes","142 (49)","159 (49.7)","268 (51.2)"
"gender_no","148 (51)","161 (50.3)","255 (48.8)"
"days_after_mdh","84.5 (10.9)","-12.7 (5.5)","102.1 (18.5)"
"zha","-1.2 (0.9)","-1.6 (1)","-1.5 (0.9)"
"i_g4salary_scaled","3.1 (0.8)","4.3 (0.9)","4.3 (0.9)"
"i_d9educatpar","7.6 (3.7)","8.1 (3.6)","8.1 (3.5)"
"currentnoflorag_yes","160 (55.2)","218 (68.1)","352 (67.3)"
"currentnoflorag_no","130 (44.8)","102 (31.9)","171 (32.7)"
"dist_house_plant","441.9 (344.6)","504.8 (618.4)","560.4 (799.3)"
"ha_50m","17 (5.9)","28 (8.8)","54 (10.3)"
"ha_100m","38 (13.1)","70 (21.9)","115 (22)"
"ha_150m","53 (18.3)","103 (32.2)","178 (34)"
"ha_200m","76 (26.2)","130 (40.6)","212 (40.5)"
"ha_300m","125 (43.1)","157 (49.1)","259 (49.5)"
"ha_500m","183 (63.1)","197 (61.6)","335 (64.1)"
"ha_1000m","261 (90)","280 (87.5)","451 (86.2)"
"",NA,NA,NA
"nepsy","8 (1.8)","8 (2.1)","8.1 (1.4)"
"attention_inhibitory_control","7.8 (2.2)","8 (2.1)","8.4 (2.2)"
"auditory_attention_response_set","8.5 (2.9)","8.9 (2.8)","9.6 (2.5)"
"aac","8.2 (3.4)","8.5 (3.8)","9.6 (3.4)"
"rsc","8.7 (3.1)","9.4 (3)","9.7 (2.8)"
"inhibition","7 (2.7)","7 (2.6)","7.1 (2.7)"
"iic","7 (3.1)","6.6 (3.2)","6.8 (3.2)"
"inc","7 (3.7)","6.3 (2.8)","6.5 (3)"
"isc","7.1 (2.6)","7.5 (2.7)","7.5 (3.2)"
"language","6.7 (2.4)","NaN (NA)","7 (2)"
"cits","7.3 (2.9)","NaN (NA)","6.3 (2.6)"
"snc","6 (3)","NaN (NA)","7.7 (2.9)"
"memory_and_learning","8.1 (2.3)","NaN (NA)","8.3 (2.3)"
"mffts","7.5 (2.8)","NaN (NA)","8.1 (2.7)"
"mffdts","8.6 (2.9)","NaN (NA)","8.4 (2.8)"
"visuospatial_processing","9.6 (3)","NaN (NA)","8.7 (2.3)"
"dcgts","10.6 (4.9)","NaN (NA)","9.5 (3.6)"
"gpts","8.6 (3.3)","NaN (NA)","7.8 (2.4)"
